{"tag":"Base Site Setup","description":"Starter site, containing the menu, base typography, spacing and color variables, and base templates","sub_modules":[{"name":"Post listing","type":"collection","technology":"html","entity_type":"template","attributes":{"sort_order":10,"apply_rules_config":{"categories":{"theme":{"rules":[{"type":"select","name":"home","value":true,"operator":"=="},{"value":"archive","type":"chain","name":"archive","rules":[{"type":"select","name":"all","value":true,"operator":"=="}],"condition":"and"}],"condition":"or","type":"group"}},"version":{"builderius":"0.9.9","builderius-pro":"0.9.9"}}},"content_config":{"modules":{"undefined":{"settings":[{"name":"border","value":{"all":{".am-sub-menu":{"d1":"#000000","c1":"solid","d2":"#000000","b1":"px","c2":"solid","d3":"#000000","b2":"px","c3":"solid","d4":"#000000","a1":1,"b3":"px","c4":"solid","a2":1,"b4":"px","a3":1,"a4":1},".am-submenu.active":{"d1":"#000000","c1":"solid","d2":"#000000","b1":"px","c2":"solid","d3":"#000000","b2":"px","c3":"solid","d4":"#000000","a1":1,"b3":"px","c4":"solid","a2":1,"b4":"px","a3":1,"a4":1}}}},{"name":"backgroundColor","value":{"all":{".am-sub-menu":{"a1":"#ffffff"}}}},{"name":"padding","value":{"all":{".am-sub-menu":{"a4":0,"b4":"px"}}}},{"name":"listStyle","value":{"all":{".am-sub-menu":{"a1":"none"}}}},{"name":"left","value":{"all":{".am-sub-menu":{"b1":"px","a1":0}}}},{"name":"top","value":{"all":{".am-sub-menu":{"b1":"em","a1":5}}}},{"name":"position","value":{"all":{".am-sub-menu":{"a1":"absolute"}}}},{"name":"display","value":{"all":{".am-sub-menu":{"a1":"none"}}}},{"name":"tagClass","value":{"a1":["am-sub-menu"]}},{"name":"htmlTagContainer","value":{"a1":"ul"}},{"name":"isLinkWrapper","value":{"a1":false}}]},"u49ec88":{"id":"u49ec88","name":"TmplPart","label":"Template Part - Main Navigation","settings":[{"name":"dataTmplPart","value":{"a1":"header"}}],"parent":""}},"indexes":{"root":["u49ec88"]},"template":{"type":"collection","technology":"html","settings":[{"name":"customJs","value":{"i1":[{"a1":"navigation ","c1":"window.addEventListener('builderius-dynamic-ulist-appended-html', () => {\n\n    \/* grab all relevant elements *\/\n    const menu = document.querySelector('.am-click-menu');\n    const listItems = Array.from(document.querySelectorAll('.no-js'));\n\n    \/* remove no-js class since we have js *\/\n    listItems.forEach((item) => item.classList.remove('no-js'));\n\n    \/\/ main click handler \n    function clickOpenMenus(event) {\n        \/\/ get the dom elements\n        let isButton = event.target.matches('.am-submenu-toggle');\n        let currentDropdown = event.target.closest('[data-has-children=\"true\"]');\n\n        if (!isButton && event.target.closest('[data-has-children=\"true\"]') !== null) return;\n\n        \/\/ remove all of active links if event happens elsewhere in document\n        document.querySelectorAll('[data-has-children=\"true\"]').forEach(dropdown => {\n            if (dropdown === currentDropdown) return;\n            dropdown.classList.remove('active');\n            \/\/ close the non-current buttons\n        });\n\n        \/\/ toggle submenu on [enter], [space] and mouse click    \n        \/\/ event.button condition prevents [tab] from opening \n        if (isButton && event.button === 0) {\n            currentDropdown.classList.toggle('active');\n            let currentButton = currentDropdown.querySelector('.am-submenu-toggle');\n\n            \/\/ close the non-current buttons\n            document.querySelectorAll('.am-submenu-toggle').forEach(button => {\n                if (button == currentButton) return;\n                button.setAttribute('aria-expanded', 'false');\n            });\n\n            \/\/ toggle the current button appropriatelly\n            if (currentButton.getAttribute('aria-expanded') == 'false') {\n                currentButton.setAttribute('aria-expanded', 'true');\n            } else {\n                currentButton.setAttribute('aria-expanded', 'false');\n            }\n        }\n\n\n\n    }\n    \/\/ click event on button element fires on [enter] & [space]\n    \/\/ we also use keyup so that tabing onto top level links would fire the submenu closing\n    \/\/ otherwise only buttons wouls register that event\n    [\"click\", \"keyup\"].forEach((event) => document.addEventListener(event, clickOpenMenus));\n\n\n    \/\/ hide menus on top link focus\n    let toplinks = document.querySelectorAll('.menu > .am-list-item > a');\n    toplinks.forEach(link => link.addEventListener(\"keyup\", event => {\n        document.querySelectorAll(\"[data-has-children='true'].active\").forEach(dropdown => {\n            dropdown.classList.remove('active');\n        });\n\n        \/\/ first make sure other toggle buttons are not marked as expanded\n        document.querySelectorAll('.am-submenu-toggle').forEach(button => {\n            button.setAttribute('aria-expanded', 'false');\n        });\n    }));\n\n    \/\/ hide menu on [esc key]\n    let sublinks = document.querySelectorAll('[data-has-children=\"true\"] .am-list-item a');\n    sublinks.forEach(link => link.addEventListener(\"keyup\", event => {\n        if (event.keyCode === 27) {\n            link.closest(\"[data-has-children='true'].active\").classList.remove('active');\n            \/\/ move focus to button\n        }\n    }));\n\n});\n"}]}},{"name":"dataVars","value":{"i1":[{"a1":"graphQLQuery","b1":"archive","c1":"query{\n  queried_posts{\n    count\n    page\n    pages\n    nodes{\n      ID\n      permalink\n      title: post_title\n      content: post_content\n      excerpt:post_excerpt\n      status: post_status\n      date: post_date\n      type: post_type\n      author: post_author{\n        display_name\n        first_name\n        last_name\n        user_email\n        avatar_url\n        roles\n      }\n      categories{\n        name\n      }\n      tags{\n        name\n      }\n      featured_image{\n        title\n        alt_text\n        caption\n        file_url\n      }\n    }\n    pagination\n  }\n}\n"},{"a1":"graphQLQuery","c1":"query {\n  posts (\n    query: {\n      post_type: \"post\",\n      category_name: \"large\",\n    }\n  ) {\n    count\n    pages\n    page\n    nodes{\n      ID\n      permalink\n      title: post_title\n      content: post_content\n      excerpt:post_excerpt\n      status: post_status\n      date: post_date\n      type: post_type\n      author: post_author{\n        display_name\n        first_name\n        last_name\n        user_email\n        avatar_url\n        roles\n      }\n      categories{\n        name\n      }\n      tags{\n        name\n      }\n      featured_image{\n        title\n        alt_text\n        caption\n        file_url\n      }\n    }\n  }\n}","b1":"newArchive"}]}},{"name":"responsiveStrategy","value":{"a1":"desktop-first"}}]},"version":{"builderius":"0.9.9","builderius-pro":"0.9.9"}}},{"name":"Global Settings","type":"all","technology":"html","entity_type":"global_settings_set","attributes":null,"content_config":{"template":{"technology":"html","type":"all","settings":[{"name":"cssVars","value":{"all":{"original":{"i1":[{"a1":"any-value","a2":"--text-normal","b2":"1.2rem"},{"a1":"any-value","a2":"--text-small","b2":"1rem"},{"a1":"any-value","a2":"--text-xsmall","b2":"0.833rem"},{"a1":"any-value","a2":"--text-large","b2":"1.44rem"},{"a1":"any-value","a2":"--text-xlarge","b2":"1.728rem"},{"a1":"any-value","a2":"--text-xxlarge","b2":"2.074rem"},{"a1":"any-value","a2":"--text-xxxlarge","b2":"2.488rem"},{"a1":"color","a2":"--color-light-primary","b2":"#ffffff"},{"a1":"color","a2":"--color-dark-primary","b2":"#222222"},{"a1":"color","a2":"--color-light-secondary","b2":"#a8b7c4"},{"a1":"color","a2":"--color-dark-secondary","b2":"#404040"},{"a1":"color","a2":"--color-accent","b2":"#2f37cf"},{"a1":"any-value","a2":"--text-huge","b2":"2.986rem"},{"a1":"any-value","a2":"--vspace-normal","b2":"1.5rem"},{"a1":"any-value","a2":"--vspace-small","b2":"1rem"},{"a1":"any-value","a2":"--vspace-xsmall","b2":"0.75rem"},{"a1":"number","a2":"--lineheight-xxxsmall","b2":"1"},{"a1":"number","a2":"--lineheight-xxsmall","b2":"1.1"},{"a1":"number","a2":"--lineheight-xsmall","b2":"1.2"},{"a1":"number","a2":"--lineheight-small","b2":"1.25"},{"a1":"number","a2":"--lineheight-normal","b2":"1.35"},{"a1":"number","a2":"--lineheight-large","b2":"1.5"},{"a1":"number","a2":"--lineheight-xlarge","b2":"2"},{"a1":"number","a2":"--lineheight-xxlarge","b2":"3"}]}}}},{"name":"customCss","value":{"i1":[{"a1":"global-styles","b1":"global-styles","c1":"body {\n    font-size: 100%;\n    line-height: var(--lineheight-large);\n    background-color: var(--color-light-primary);\n    font-weight: 400;\n\n}\n.post-content > * {\n    margin-bottom: var(--vspace-normal);\n}\n\nh1, h2, h3, h4, h5, h6 {\n    font-weight: 500;\n}\n\n\n\nh1 {\n    font-size: var(--text-xxxlarge);\n    line-height: var(--lineheight-xxxsmall);\n}\n\nh2 {\n    font-size: var(--text-xxlarge);\n    line-height: var(--lineheight-xxsmall);\n}\n\nh3 {\n    font-size: var(--text-xlarge);\n    line-height: var(--lineheight-xsmall);\n}\n\nh4 {\n    font-size: var(--text-large);\n    line-height: var(--lineheight-small);\n}\n\nh5 {\n    font-size: var(--text-normal);\n    line-height: var(--lineheight-normal);\n}\n\nh6 {\n    font-size: var(--text-small);\n    line-height: var(--lineheight-normal);\n}\n\n.post-content p {\n    font-size: var(--text-normal);\n    line-height: var(--lineheight-large);\n}\n\n.post-content li {\n    font-size: var(--text-small);\n    line-height: var(--lineheight-xlarge);\n}\n\n.post-content li li {\n    margin-left: 1rem;\n}\n\n.wp-block-button {\n    margin-bottom: var(--vspace-normal);\n    line-height: var(--lineheight-xxlarge);\n    text-transform: uppercase;\n    font-weight: normal;\n    letter-spacing: 0.1em;\n}\n\n.wp-block-button a {\n    background-color: var(--color-dark-primary);\n    color: var(--color-light-primary);\n    cursor: pointer;\n\n}\n\n.wp-block-button a:hover {\n    background-color: var(--color-light-primary);\n    color: var(--color-dark-primary);\n    border: 2px solid var(--color-dark-primary);\n}\n\n.wp-block-button.is-style-outline a {\n    background-color: transparent;\n    border: 2px solid var(--color-dark-primary);\n    color: var(--color-dark-primary);\n}\n\n.wp-block-button.is-style-outline a:hover {\n    background-color: var(--color-dark-primary);\n    color: var(--color-light-primary);\n}\n\n.wp-block-button.has-large-font-size a {\n    font-size: var(--text--large);\n}\n\n.wp-block-quote {\n    padding-left: 1rem;\n    border-left: 1px solid var(--color-dark-secondary);\n}\n\n.wp-block-quote p {\n    font-size: var(--text-xlarge);\n    line-height: var(--lineheight-normal);\n    margin-bottom: var(--vspace-small);\n    font-weight: 400;\n}\n\ncite {\n    font-style: normal;\n    font-weight: 400;\n}\n\n\n\n"}]}},{"name":"dataVars","value":{"i1":[{"a1":"graphQLQuery","b1":"site","c1":"{\n  siteurl: option_value(name: \"siteurl\")\n  blogname: option_value(name: \"blogname\")\n  blogdescription: option_value(name: \"blogdescription\")\n  is_user_logged_in: php_function_output(function: \"is_user_logged_in\")\n  current_user{\n    display_name\n    first_name\n    last_name\n    avatar_url\n    roles\n  }\n}\n"},{"a1":"graphQLQuery","c1":"query {\n\tposts {\n    nodes {\n      post( value:\"ID\" ) {\n        post_name\n      }\n    }\n  }\n}","b1":"postArchive"},{"a1":"graphQLQuery","c1":"query{\n  nav_menu(identifier: \"name\", value:\"Main Menu\") {\n    items(private: true) {\n      ID\n      url\n      title\n      children{\n        url\n        title\n      }\n    }\n    navItems: expression_result( expression: \"{{{foreach(items, (o, i) -> { merge(o,{index: i})} )}}}\" )\n  }\n}","b1":"navPhp"},{"a1":"graphQLQuery","b1":"allyNavData","c1":"query{\n  nav_menu(identifier: \"name\", value:\"Main Menu\") {\n    items{\n      ID\n      url\n      title\n      object_id\n      children{\n        ID\n        url\n        title \n      }\n    }\n  }\n}"}]}},{"name":"responsiveStrategy","value":{"a1":"desktop-first"}}]},"version":{"builderius":"0.9.9","builderius-pro":"0.9.9"}}},{"name":"A11y Navigation Top Bar","type":"header","technology":"html","entity_type":"template_part","attributes":{"sort_order":10,"apply_rules_config":{"categories":{"theme":{"rules":[{"type":"select","name":"all_pages","value":true,"operator":"=="}],"condition":"and","type":"group"}},"version":{"builderius":"0.9.9","builderius-pro":"0.9.9"}}},"content_config":{"modules":{"ud950c8":{"id":"ud950c8","name":"GenericBlock","label":"Top Bar with A11y Navigation","settings":[{"name":"border","value":{"all":{"original":{"a2":1,"b2":"px","c2":"solid","d2":"#000000"}}}},{"name":"textShadow","value":{"all":{"original":{"i1":[{"f1":"#000000"}]}}}},{"name":"backgroundColor","value":{"all":{"original":{"v1":["--bgcolor"],"a1":"rgb(255, 255, 255)"}}}},{"name":"width","value":{"all":{"original":{"a1":100,"b1":"%"}}}},{"name":"boxSizing","value":{"all":{"original":{"a1":"border-box"}}}},{"name":"alignItems","value":{"all":{"original":{"a1":"center"}}}},{"name":"justifyContent","value":{"all":{"original":{"a1":"center"}}}},{"name":"display","value":{"all":{"original":{"a1":"flex"}}}},{"name":"htmlTagContainer","value":{"a1":"header"}},{"name":"isLinkWrapper","value":{"a1":false}}],"parent":""},"u71fb7b":{"id":"u71fb7b","name":"GenericBlock","label":"Inner container","settings":[{"name":"transition","value":{"all":{" #hamburger-input3:checked ~ label:after":{"i1":[{"d1":0,"c1":"linear","b1":0.2,"a1":"all"}]}," #hamburger-input3:checked ~ label:before":{"i1":[{"d1":0,"c1":"linear","b1":0.2,"a1":"transform"}]}}}},{"name":"transform","value":{"all":{" #hamburger-input3:checked ~ label:before":{"i1":[{"c1":"rotate","a1":45,"b1":"deg"}]}," #hamburger-input3:checked ~ label:after":{"i1":[{"c1":"rotate","a1":-45,"b1":"deg"}]}}}},{"name":"top","value":{"all":{" #hamburger-input3:checked ~ label:before":{"b1":"px","a1":6}}}},{"name":"color","value":{"all":{" #hamburger-input3:checked ~ label":{"a1":"rgba(255, 255, 255, 0.00)"}}}},{"name":"flexWrap","value":{"(max-width: 800px)":{"original":{"a1":"wrap"}}}},{"name":"padding","value":{"all":{"original":{"a4":50,"b4":"px","a2":50,"b2":"px"}}}},{"name":"maxWidth","value":{"all":{"original":{"b1":"px","a1":1440}}}},{"name":"height","value":{"all":{"original":{"b1":"px","a1":80}},"(max-width: 800px)":{"original":{"b1":"auto"}}}},{"name":"width","value":{"all":{"original":{"a1":100,"b1":"%"}," #hamburger-input3:checked ~ label:after":{"b1":"px","a1":16}}}},{"name":"boxSizing","value":{"all":{"original":{"a1":"border-box"}}}},{"name":"alignItems","value":{"all":{"original":{"a1":"center"}}}},{"name":"justifyContent","value":{"all":{"original":{"a1":"space-between"}}}},{"name":"display","value":{"all":{"original":{"a1":"flex"}," #hamburger-input3:checked ~ nav":{"a1":"flex"}}}},{"name":"htmlTagContainer","value":{"a1":"div"}},{"name":"isLinkWrapper","value":{"a1":false}}],"parent":"ud950c8"},"u8b21d6":{"id":"u8b21d6","name":"Anchor","label":"brand","settings":[{"name":"href","value":{"a1":"[[[site.siteurl]]]"}},{"name":"textShadow","value":{"all":{"original":{"i1":[{"f1":"#000000"}]}}}},{"name":"cursor","value":{"all":{":hover":{"a1":"pointer"}}}},{"name":"color","value":{"all":{"original":{"v1":["--textcolor"],"a1":"rgb(0, 0, 0)"}}}},{"name":"textTransform","value":{"all":{"original":{"a1":"uppercase"}}}},{"name":"textDecoration","value":{"all":{"original":{"a1":"none"}}}},{"name":"dataAnchor","value":{"a1":"[[[site.blogname]]]"}}],"parent":"u71fb7b"},"ube23ac":{"id":"ube23ac","name":"GenericBlock","label":"nav","settings":[{"name":"color","value":{"all":{"original":{"a1":"#000000"}}}},{"name":"tagClass","value":{"a1":["main-navigation-wrapper"]}},{"name":"htmlTagContainer","value":{"a1":"nav"}},{"name":"isLinkWrapper","value":{"a1":false}}],"parent":"u71fb7b"},"u049e00":{"id":"u049e00","name":"DynamicUList","label":"dynamic UL - main","settings":[{"name":"position","value":{"all":{".am-click-menu > .am-list-item":{"a1":"relative"}}}},{"name":"listStyle","value":{"all":{"original":{"a1":"none"}}}},{"name":"gap","value":{"all":{"original":{"b1":"rem","a1":2}}}},{"name":"display","value":{"all":{"original":{"a1":"flex"}}}},{"name":"tagId","value":{"a1":"am-main-menu"}},{"name":"tagClass","value":{"a1":["am-click-menu","menu"]}},{"name":"htmlAttribute","value":{"i1":[{"a1":"data-content","b1":"[[[allyNavData.nav_menu.items]]]"}]}}],"parent":"ube23ac"},"u93cf40":{"id":"u93cf40","name":"Template","label":"template - main ","settings":[],"parent":"u049e00"},"u0b945d":{"id":"u0b945d","name":"GenericBlock","label":"li - parent","settings":[{"name":"border","value":{"all":{".active > a":{"d1":"#000000","c1":"solid","d2":"#000000","b1":"px","c2":"solid","d3":"#000000","b2":"px","c3":"solid","d4":"#000000","a1":1,"b3":"px","c4":"solid","a2":1,"b4":"px","a3":1,"a4":1}}}},{"name":"display","value":{"all":{".no-js:focus-within > .am-sub-menu":{"a1":"block"},"original":{"a1":"inline-flex"},".active .am-sub-menu":{"a1":"block"}}}},{"name":"tagClass","value":{"a1":["am-list-item","no-js"]}},{"name":"htmlAttribute","value":{"i1":[{"a1":"data-has-children","b1":"{{{!is_empty(children)}}}"},[]]}},{"name":"htmlTagContainer","value":{"a1":"li"}},{"name":"isLinkWrapper","value":{"a1":false}}],"parent":"u93cf40"},"udc752c":{"id":"udc752c","name":"Anchor","label":"a - parent","settings":[{"name":"backgroundColor","value":{"all":{":hover":{"v1":["--color-dark-primary"]}}}},{"name":"color","value":{"all":{"original":{"v1":["--color-dark-primary"]},":hover":{"v1":["--color-light-primary"]}}}},{"name":"textDecoration","value":{"all":{"original":{"a1":"none"}}}},{"name":"border","value":{"all":{"original":{"d1":"#ffffff","c1":"solid","d2":"#ffffff","b1":"px","c2":"solid","d3":"#ffffff","b2":"px","c3":"solid","d4":"#ffffff","a1":1,"b3":"px","c4":"solid","a2":1,"b4":"px","a3":1,"a4":1},"[data-current=\"page\"]":{"d1":"#000000","c1":"solid","d2":"#000000","b1":"px","c2":"solid","d3":"#000000","b2":"px","c3":"solid","d4":"#000000","a1":1,"b3":"px","c4":"solid","a2":1,"b4":"px","a3":1,"a4":1}}}},{"name":"padding","value":{"all":{"original":{"a4":1,"a3":1,"b4":"em","a2":1,"b3":"em","a1":1,"b2":"em","b1":"em"}}}},{"name":"href","value":{"a1":"{{{url}}}"}},{"name":"dataAnchor","value":{"a1":"{{title}}"}}],"parent":"u0b945d"},"u48acc9":{"id":"u48acc9","name":"Template","label":"template - with children","settings":[{"name":"htmlAttribute","value":{"i1":[{"a1":"data-partial","b1":"!is_empty(children)"}]}}],"parent":"u0b945d"},"ua60d2a":{"id":"ua60d2a","name":"GenericBlock","label":"ul - submenu","settings":[{"name":"border","value":{"all":{".am-sub-menu":{"d1":"#000000","c1":"solid","d2":"#000000","b1":"px","c2":"solid","d3":"#000000","b2":"px","c3":"solid","d4":"#000000","a1":1,"b3":"px","c4":"solid","a2":1,"b4":"px","a3":1,"a4":1},".am-submenu.active":{"d1":"#000000","c1":"solid","d2":"#000000","b1":"px","c2":"solid","d3":"#000000","b2":"px","c3":"solid","d4":"#000000","a1":1,"b3":"px","c4":"solid","a2":1,"b4":"px","a3":1,"a4":1}}}},{"name":"backgroundColor","value":{"all":{".am-sub-menu":{"a1":"#ffffff"}}}},{"name":"padding","value":{"all":{".am-sub-menu":{"a4":0,"b4":"px"}}}},{"name":"listStyle","value":{"all":{".am-sub-menu":{"a1":"none"}}}},{"name":"left","value":{"all":{".am-sub-menu":{"b1":"px","a1":0}}}},{"name":"top","value":{"all":{".am-sub-menu":{"b1":"em","a1":5}}}},{"name":"position","value":{"all":{".am-sub-menu":{"a1":"absolute"}}}},{"name":"display","value":{"all":{".am-sub-menu":{"a1":"none"}}}},{"name":"tagClass","value":{"a1":["am-sub-menu"]}},{"name":"tagId","value":{"a1":"{{{'sub-menu-'~object_id}}}"}},{"name":"htmlTagContainer","value":{"a1":"ul"}},{"name":"isLinkWrapper","value":{"a1":false}}],"parent":"u48acc9"},"u641faf":{"id":"u641faf","name":"Template","label":"template - for children","settings":[{"name":"htmlAttribute","value":{"i1":[{"a1":"data-section","b1":"children"}]}}],"parent":"ua60d2a"},"u5a4b37":{"id":"u5a4b37","name":"GenericBlock","label":"li - sublist","settings":[{"name":"tagClass","value":{"a1":["am-list-item","no-js"]}},{"name":"htmlTagContainer","value":{"a1":"li"}},{"name":"isLinkWrapper","value":{"a1":false}}],"parent":"u641faf"},"ud1888f":{"id":"ud1888f","name":"Anchor","label":"a - sublinks","settings":[{"name":"backgroundColor","value":{"all":{":hover":{"v1":["--color-dark-primary"]}}}},{"name":"color","value":{"all":{"original":{"v1":["--color-dark-primary"]},":hover":{"v1":["--color-light-primary"]}}}},{"name":"textDecoration","value":{"all":{"original":{"a1":"none"}}}},{"name":"padding","value":{"all":{"original":{"a4":1,"a3":1,"b4":"em","a2":1,"b3":"em","a1":1,"b2":"em","b1":"em"}}}},{"name":"display","value":{"all":{"original":{"a1":"flex"}}}},{"name":"dataAnchor","value":{"a1":"{{title}}"}},{"name":"href","value":{"a1":"{{url}}"}}],"parent":"u5a4b37"},"u72c839":{"id":"u72c839","name":"Button","label":"button - submenu toggle","settings":[{"name":"cursor","value":{"all":{"original":{"a1":"pointer"}}}},{"name":"color","value":{"all":{" .am-submenu-icon":{"v1":["--color-dark-primary"]},":hover .am-submenu-icon":{"v1":["--color-light-primary"]}}}},{"name":"font","value":{"all":{" .am-submenu-icon":{"a5":1.5,"b5":"em"}}}},{"name":"padding","value":{"all":{"original":{"a4":1,"a3":1,"b4":"em","a2":1,"b3":"em","a1":1,"b2":"em","b1":"em"}}}},{"name":"bottom","value":{"all":{"original":{"b1":"em","a1":-0.35}}}},{"name":"border","value":{"all":{"original":{"a4":0,"a3":0,"b4":"px","a2":0,"b3":"px","a1":0,"b2":"px","b1":"px"}}}},{"name":"backgroundColor","value":{"all":{"original":{"a1":"transparent"},":hover":{"v1":["--color-dark-primary"]}}}},{"name":"pointerEvents","value":{"all":{" .am-submenu-icon":{"a1":"none"}}}},{"name":"margin","value":{"all":{"original":{"a4":1,"b4":"em"}}}},{"name":"tagClass","value":{"a1":["am-submenu-toggle"]}},{"name":"dataButton","value":{"a1":"<span class=\"am-submenu-icon\" aria-hidden=\"true\" data-before=\"\u2228\">+<\/span>"}},{"name":"htmlAttribute","value":{"i1":[{"a1":"aria-expanded","b1":"false"},{"a1":"aria-haspopup","b1":"true"},{"a1":"aria-label","b1":"show {{{title}}} sub menu"},{"a1":"aria-controls","b1":"{{{'sub-menu-'~object_id}}}"}]}}],"parent":"u48acc9"}},"indexes":{"root":["ud950c8"],"ud950c8":["u71fb7b"],"u71fb7b":["u8b21d6","ube23ac"],"ube23ac":["u049e00"],"u049e00":["u93cf40"],"u93cf40":["u0b945d"],"u0b945d":["udc752c","u48acc9"],"ua60d2a":["u641faf"],"u641faf":["u5a4b37"],"u5a4b37":["ud1888f"],"u48acc9":["u72c839","ua60d2a"]},"template":{"type":"template_part","technology":"html","settings":[{"name":"responsiveStrategy","value":{"a1":"desktop-first"}}]},"version":{"builderius":"0.9.9","builderius-pro":"0.9.9"}}},{"name":"Single Post","type":"singular","technology":"html","entity_type":"template","attributes":{"sort_order":10,"apply_rules_config":{"categories":{"theme":{"rules":[{"condition":"or","rules":[{"value":"singular","type":"chain","name":"singular","rules":[{"value":"single","type":"chain","name":"single","rules":[{"value":"blog_post","type":"chain","name":"blog_post","rules":[{"type":"select","name":"all","value":true,"operator":"=="}],"condition":"and"}],"condition":"and"}],"condition":"and"}],"type":"group"}],"condition":"and","type":"group"}},"version":{"builderius":"0.9.9","builderius-pro":"0.9.9"}}},"content_config":{"modules":{"u101d41":{"id":"u101d41","name":"TmplPart","label":"Template Part - Main Navigation","settings":[{"name":"dataTmplPart","value":{"a1":"header"}}],"parent":""}},"indexes":{"root":["u101d41"]},"template":{"type":"singular","technology":"html","settings":[{"name":"dataVars","value":{"i1":[{"a1":"graphQLQuery","b1":"singular","c1":"query{\n  queried_post{\n    ID\n    title: post_title\n    content: post_content\n    excerpt:post_excerpt\n    status: post_status\n    date: post_date\n    type: post_type\n    author: post_author{\n      display_name\n      first_name\n      last_name\n      user_email\n      avatar_url\n    }\n    categories{\n \t\t\t\tname\n      \tslug\n    }\n    tags{\n      name\n      slug\n    }\n    featured_image{\n      title\n      alt_text\n      caption\n      file_url\n    }\n  }\n}\n"},{"a1":"graphQLQuery","c1":"query {\n  queried_post{\n    ID(private: true)\n    some_meta: php_function_output(function: \"get_the_title\")\n  }\n}","b1":"postsFromPhp"}]}},{"name":"responsiveStrategy","value":{"a1":"desktop-first"}}]},"version":{"builderius":"0.9.9","builderius-pro":"0.9.9"}}},{"name":"Type Scale layout","type":"singular","technology":"html","entity_type":"template","attributes":{"sort_order":10,"apply_rules_config":{"categories":{"theme":{"rules":[{"value":"singular","type":"chain","name":"singular","rules":[{"value":"page","type":"chain","name":"page","rules":[{"type":"select","name":"with_title","value":"Type Scale","operator":"=="}],"condition":"and"}],"condition":"and"}],"condition":"and","type":"group"}},"version":{"builderius":"0.9.9","builderius-pro":"0.9.9"}}},"content_config":{"modules":{"u40bd3e":{"id":"u40bd3e","name":"TmplPart","label":"Template Part","settings":[{"name":"dataTmplPart","value":{"a1":"header"}}],"parent":""},"u02ebde":{"id":"u02ebde","name":"GenericBlock","label":"Main Content Wrapper","settings":[{"name":"maxWidth","value":{"all":{".section-with-inner > .inner-container":{"b1":"px","a1":1440}}}},{"name":"width","value":{"all":{".section-with-inner > .inner-container":{"b1":"%","a1":100}}}},{"name":"padding","value":{"all":{".section-with-inner > .inner-container":{"a4":50,"a3":50,"b4":"px","a2":50,"b3":"px","a1":50,"b2":"px","b1":"px"}}}},{"name":"alignItems","value":{"all":{".section-with-inner > .inner-container":{"a1":"center"},".section-with-inner":{"a1":"center"}}}},{"name":"justifyContent","value":{"all":{".section-with-inner > .inner-container":{"a1":"center"},".section-with-inner":{"a1":"center"}}}},{"name":"flexWrap","value":{"all":{".section-with-inner > .inner-container":{"a1":"nowrap"},".section-with-inner":{"a1":"nowrap"}}}},{"name":"flexDirection","value":{"all":{".section-with-inner > .inner-container":{"a1":"row"},".section-with-inner":{"a1":"row"}}}},{"name":"display","value":{"all":{".section-with-inner > .inner-container":{"a1":"block"},".section-with-inner":{"a1":"flex"}}}},{"name":"tagClass","value":{"a1":["section-with-inner"]}},{"name":"htmlTagContainer","value":{"a1":"main"}},{"name":"isLinkWrapper","value":{"a1":false}}],"parent":""},"u893fca":{"id":"u893fca","name":"GenericBlock","label":"inner container","settings":[{"name":"display","value":{"all":{"original":{"a1":"block"}}}},{"name":"padding","value":{"all":{"original":{"a4":50,"a3":50,"b4":"px","a2":50,"b3":"px","a1":50,"b2":"px","b1":"px"}}}},{"name":"tagClass","value":{"a1":["inner-container"]}},{"name":"htmlTagContainer","value":{"a1":"article"}},{"name":"isLinkWrapper","value":{"a1":false}}],"parent":"u02ebde"},"u505b4d":{"id":"u505b4d","name":"Heading","label":"Heading","settings":[{"name":"font","value":{"all":{"original":{"a3":"500"}}}},{"name":"width","value":{"all":{"original":{"b1":"%","a1":100}}}},{"name":"display","value":{"all":{"original":{"a1":"block"}}}},{"name":"dataHeading","value":{"a1":"[[[singular.queried_post.title]]]"}},{"name":"htmlTagHeading","value":{"a1":"h1"}}],"parent":"u5499fa"},"u5499fa":{"id":"u5499fa","name":"GenericBlock","label":"page header","settings":[{"name":"padding","value":{"all":{"original":{"a4":50,"a3":50,"b4":"px","a2":50,"b3":"px","a1":50,"b2":"px","b1":"px"}}}},{"name":"width","value":{"all":{"original":{"b1":"%","a1":100}}}},{"name":"htmlTagContainer","value":{"a1":"header"}},{"name":"isLinkWrapper","value":{"a1":false}}],"parent":"u893fca"},"u7829b0":{"id":"u7829b0","name":"RawHtml","label":"Page Content","settings":[{"name":"width","value":{"all":{"original":{"b1":"%","a1":100}}}},{"name":"padding","value":{"all":{"original":{"a4":50,"a3":50,"b4":"px","a2":50,"b3":"px","a1":50,"b2":"px","b1":"px"}}}},{"name":"tagClass","value":{"a1":["post-content"]}},{"name":"dataRawHtml","value":{"a1":"[[[singular.queried_post.content]]]"}},{"name":"htmlTagContainer","value":{"a1":"div"}}],"parent":"u893fca"}},"indexes":{"root":["u40bd3e","u02ebde"],"u02ebde":["u893fca"],"u893fca":["u5499fa","u7829b0"],"u5499fa":["u505b4d"]},"template":{"type":"singular","technology":"html","settings":[{"name":"dataVars","value":{"i1":[{"a1":"graphQLQuery","b1":"singular","c1":"query{\n  queried_post{\n    ID\n    title: post_title\n    content: post_content\n    excerpt:post_excerpt\n    status: post_status\n    date: post_date\n    type: post_type\n    author: post_author{\n      display_name\n      first_name\n      last_name\n      user_email\n      avatar_url\n    }\n    categories{\n      name\n    }\n    tags{\n      name\n    }\n    featured_image{\n      title\n      alt_text\n      caption\n      file_url\n    }\n  }\n}\n"}]}},{"name":"responsiveStrategy","value":{"a1":"desktop-first"}}]},"version":{"builderius":"0.9.9","builderius-pro":"0.9.9"}}}]}